フクチャンヒメ,15
マリアディオーサ,
クインズシフォン,
グローブミッション,
シンフォニーシーズ,01
ヴィーナスゼファー,
ステラマテュティナ,
セイリオス,
プレミアムハニー,
アナベルケイツー,17
サンパギータチャン,17
エーデルムート,
ミニョンマルーン,
ミサビスケッツ,
ドルーリー,03
ニシノステディミキ,
ヴィラスターリ,
レッドレントラー,
マイウェイ,
シリウスライト,02
ヨドノタイヨウ,
キングズトゥルー,
ブライトメール,
タケルサバイバル,17
ナムラジミー,
グレイスザクラウン,03
ファイアリーホット,
ライフゲート,
ヴィーデ,10
ガイ,12
マルターズヴェロス,14
ヘビーキュー,
イタリックタイプ,
ラストシャリナ,
ファリア,
マオノクラッシュ,
ボンジュールアスク,14
スヴァローグ,05
フレイム,05
アルマヴィーナス,00
ロッカバイベイビー,06
ライヴドライバー,04
ショウナンラリー,00
ノックシュライン,
ラインアルテミス,
プリヤンカー,
セイカエイレーネー,
ニシノテュケ,
ポリアンセモス,16
サバイバルナイン,
フォンデネージュ,17
ニシノフローレス,
エミネントキャリア,
ブルーユンチェリー,07
ライズトゥザトップ,13
ミラクルダンサー,
ミスパナギア,
カルタジローネ,16
クロメヒョウ,
トーアナカヨシ,00
ハナヒラク,
ファランジリング,02
キューティリップ,13
ペイシャリサデル,03
ラムコーク,
レッドバンデ,17
ピエナフェーヴル,09
ヘヴンウィンド,
エアイナーン,
ケーニッヒブルート,02
アルカラス,
ガスパール,14
ピンキースウェア,17
レイホーキング,
エルドジュリエーネ,12
バーケンヘッド,
ブリヤディアマンテ,01
マカナ,00
ミクニインスパイア,09
ケアンズ,
ディベルティスマン,09
エターナルシルバー,01
バットスティンガー,17
セレニティ,04
スイートオレンジ,01
ハニードレス,07
アイスヴィレッジ,12
アイスフィールド,
フォーエリーゼ,
グロスビーク,
ニシノティターニア,00
ベールドインパクト,09
コスモグラニット,17
サトノシャルレーヌ,
ラヴァフォール,
ヴァーナリー,02
デルマサターン,16
ビビデバビデブー,
リアンベーレ,11
タマモカンパネラ,
ニシノタンギー,
スワッガー,
オメガドライヴ,
ルグランヴァン,07
ゴーゴータカシ,01
パーソナルアフェア,
シャイニーシップ,05
ニューファウンド,
ソクヅモドラドラ,07
イムホテプ,
カージオイド,
ニシノケンタマン,
ホウオウゴールド,02
ディペンダブル,
ヴェルトラウム,
ウィウィルウィン,
サクラファシナンテ,00
キングプロフィット,
クインズポラリス,17
エコロヴァルム,
リワードファラオン,
ホワイトターフ,
レッツリブオン,03
ロサンゼルス,12
ブルーリヴァーサル,
ハローマイラブリー,
カツノテンス,
スマートオリーブ,
ミスターディジェイ,06
グランヒマラヤ,
ワンパット,17
ブロンディール,
ティルドーン,
レッドリベルタ,01
トクシースタローン,
インペリアルライン,
オセアフラッグ,
コスモジンバック,
シゲルカミカゼ,09
バレンタインガール,
グランオース,12
フルングニル,
ソウルアンドジャズ,
ロードブレイズ,07
ウインレイアー,
ショウナンラスボス,
マルチャン,
アルセナール,
ピックアチェリー,
ディープリッチ,
ユキノロイヤル,02
レッドシュヴェルト,00
キョウエイブリッサ,04
ワンダイレクト,
エンデミズム,
スズカダブル,06
オメガウインク,
トワイライトシティ,
ベルビースタローン,00
ラブアイミー,11
キタノクニカラ,09
ムーンライトラガー,01
プリムツァール,13
ヴィヴァラリス,
アルメントフーベル,
ホウオウショコラ,
ジョリーレーヌ,
ミーントゥビー,04
ピコローズ,
ピコアーガイル,
エリカカリーナ,00
スーパーマン,
ヨール,
ジャガード,
マルプリ,03
ディージェーサン,
ニジュウダンサー,12
オリアメンディ,
スミレファースト,
アララララ,10
インプロバイザー,
アップストローク,03
ヘルメース,
フミサウンド,07
カリーシ,
コスモサンビタリア,01
サリーチェ,
ウエスタンタマヤ,16
オーケーサイン,
ホリゾンブルー,
ローズゴジャール,12
リュクスビスケッツ,
マンノミューズ,15
インナモラート,17
デザフィアドール,05
ロジステート,
キャッチーラン,
エリタージュソング,
ヴォルクメア,
ゴールドドロップ,
ミッシングユー,
セイルロケット,
フィアマドラータ,00
ノーブルオーク,
サウンドモリアーナ,
チョウハクタカ,01
インディゴアスール,
ベルトネ,
ジュエルハウス,17
コーリンフウガ,01
エムティエスターテ,03
ゼンブママノセイ,
エイトビートレター,13
ルルーディ,00
コンパクトファイト,
テイエムパイロット,
ロッキンミー,06
アストロマーチ,
ノーブルフェスタ,
エリカマルセイユ,13
ロングトーン,
ヒルノレーダン,
アイルシャンス,
ヴィクトリアランド,
ジーティーハート,04
ウインシャーガス,17
ダノンプリマ,17
スマートミストラル,
ケリフレッドアスク,01
サーリアル,
コンドゥイア,
エレガンスドパリ,01
エムティヒララ,
オドラニャソンソン,
メイショウソウセキ,14
ポジティビティ,
ルグランシャリオ,
ディープオーシャン,
メアリーバローズ,
リリーライナー,
カミノレアル,
サトノフォーミュラ,
ディープカインズ,
マイネルメドリング,
スギノペガサス,
キタノチェンジ,
ゴットランド,
タマモハヤブサ,
ウインクレドール,
マドモアゼルアスク,
コスモトロイメル,11
ロックエンジェル,
アラベスク,
ミコノオンガエシ,
サイモンイロハニー,03
カーリンハート,
セルマン,17
シャインチャプチャ,
プレミアシップ,05
エリーナストーム,
ナムラパール,12
エキサイトバイオ,
ヒシカリナン,
サイモンノーブル,
ウインポセイドン,08
クァタルティ,05
ブルックリンダンス,06
オリーブグリーン,04
マタミカンサン,
ドゥラリス,
メイショウハチロー,15
リープアップ,
チュウワクリスエス,
ソロモン,03
タイヨウフレア,17
ニヒトツーゼーア,
コズミックダンサー,08
ランツフート,
エンマ,
カフェブルーム,17
シュニー,
ペイシャアンジェロ,
ウエヲムイテゴラン,00
シュヴァルツリーベ,09
アートフォーム,04
ラジエル,
チアフルヴォイス,00
カフェノワール,
フイノマジワリ,07
レジーナローズ,01
ローゼンモンターク,07
ニホンピロデルマー,
シンボリノエル,00
モンシェリ,04
モルトヴェローチェ,
シーズオブホープ,02
アラナコア,00
サンセットビュー,
ピースヒロフェイス,
マイネルシーマー,
チビノシエラザード,10
ミッドナイトホーク,07
ファミリータイム,03
デアパーディタ,
ディーガレジェンド,
クリフハンガー,01
カラーオブジアース,17
ダノンクロム,
ジャスティンライズ,12
スピンザブラッド,05
チャイボーグ,
ガルムキャット,
テーオースパロー,
ゼンノツキヨミ,03
ヤマニンアルリフラ,03
パドマ,17
パレフォーコン,
タイキエクセロン,07
ヒルノピレネー,14
ダミエ,09
セントラルヴァレー,01
ニコラウス,17
オコタンペ,
オースミメッシーナ,13
サミアド,11
ゴイゴイスー,
フレイミングパイ,
キングクー,04
ショウナンガチ,
ロードマンハイム,
イトカワサクラ,
モズマーヴェリック,13
ヴィレム,17
バンフィエルド,
プリズマジコ,15
ピクシレーション,
グランドゴールド,
デルマグレムリン,
タケトンボ,
オメガインペリアル,
ライフセービング,09
グラスシフォン,
エメラルドビーチ,
モナルヒ,
パーティーベル,
ナイトアクアリウム,17
ドゥータップ,07
ストレングス,15
スマートアンバー,17
ローズバルサム,03
ジャーヴィス,09
マルカラピッド,
キャプテンネキ,00
ロレンツォ,05
リジル,16
アイファースキャン,09
ヘルモーズ,
ショウナンダール,
アウクソー,
ジョウゲンノツキ,09
ビーグラッド,
サリュエ,08
エフォートレス,
モリノレッドスター,
クリーンエア,00
エールトゥヘヴン,
サウンドレイラ,11
ライズタイガ,17
ダイシンビヨンド,03
レッドロスタム,
ナムラエデン,
ソルトクィーン,
ローブドゥマリエ,
インペリアルコート,
ウィズダムハート,04
ライラックデューン,
フランコジャポネ,02
ホワイトジーン,
シュドゥン,08
ペイシャキセキ,
ノンスタンダルド,05
ハイラブソング,12
マキシマムビスタ,11
ルージュパラディ,03
エスタトゥイル,
タマモジャスミン,06
ハッピールンナ,06
マサウッドテール,14
スマイルプラス,
アンピュルシオン,
ブライティアブーケ,10
ゲッティヴィラ,12
ペプチドクレマチス,
タイムイズマネー,17
ハルサメ,17
ナムラエミー,
ヴィヴァシャス,
メイショウゴールド,17
キュードス,07
セガンティーニ,
キャットデイ,
ミクニキャッチー,
エコセーズ,17
アートレスマインド,
フェスティーヴォ,
ユキノクラウン,03
コイスルシャチョウ,
スターペスショウマ,
ルシタニア,
ベルエアキング,06
サラサハウナイス,00
チャチャピンク,
トーアグッドラック,
サンライズフーガ,
ミヤビノオウザ,
ボールドハーテッド,01
ルクスコロン,
サウンドルーチェ,01
レインオンミー,17
アトラーレ,17
ウィズマスタング,
シャイフ,11
クリノボタンチャン,07
タイセイディアマン,04
アーバリアンジム,
アークシャルダーム,08
デアリングエア,
キムケンフォトン,
メイショウセツゲツ,
スマートサターン,10
フェアリーグレン,
セクシーマージュ,
フィリグラン,01
ワイドクリーガー,03
プティミニョン,
ロードアルディート,
ロードレジェロ,
マテンロウシルビア,14
アースリング,
アメージングハナビ,
ヴェルニッツ,
エンブレイスメント,
レッドイステル,
シェーネアウゲン,
ダンタリオン,00
メイショウビストロ,08
レッドフェルメール,
ダノンジャガー,12
ニシノイツキムスメ,
パスコード,10
アルハイルフォート,
ヴィータレヴィス,04
エンダードラゴン,09
モズタチアガレ,15
サンナイアガラ,08
アートコレクション,00
テルユアワールド,16
トップオンザヒル,
ドンパッショーネ,09
エナジーガンツ,
グランキングオー,10
ワンダーイロネ,07
ゴールドダイアー,
ショウナンアトレ,
アルマグラース,
タイセイレグノ,17
ハリーケーン,
アンズアメ,17
リネアグローリア,
グリーズマン,
メイショウマジック,
ディスタントスカイ,04
オリエンタルキング,11
オアシスドール,15
カネトシフラム,11
スナークシュンソウ,05
クアトロジャック,16
ドライグ,17
アレンテージョ,
ブーヤカ,02
トウカイエルデ,05
モアリジット,
バレル,
メティエダール,03
メイショウアツイタ,
ジューンベロシティ,08
ネビーイーム,14
マテンロウジョイ,06
ヴェイルネビュラ,03
エコロデュエル,03
クラップサンダー,02
グルーヴビート,
サンライズグラシア,
マイユニバース,
スリーキングス,
パッションリッチ,
ヴェーヌドール,
フォーキャンドルズ,
コーチェラバレー,17
オーシンエス,00
ゲルチュタール,11
サトノブリジャール,
キングメーカー,
ジーティーアメリカ,05
ラヴァンダ,02
ナムラエイハブ,00
マテンロウアレス,
ガイアメンテ,
コスモサガルマータ,
セブンサミット,
サウンドウォリアー,
バッデレイト,09
ニューステソーロ,
スイープアワーズ,00
サブマリーナ,
ルシフェル,
メイショウウネビ,
マラキナイア,04
プッシュオン,17
モズミギカタアガリ,
ケイアイシェルビー,
アドバンスファラオ,03
ヤマニンウルス,09
テイエムリステット,
コパノニコルソン,
アルムブラーヴ,02
マルモリスペシャル,
サルヴァトーレ,17
バトゥーキ,14
フルム,17
ルナビス,03
タイセイミニスター,17
ヒデノレインボー,17
シャンデルナゴル,00
トーアシオン,10
メイショウシロガネ,
トゥルブレンシア,
ブラックサウザー,17
テーオーレガシー,04
ホルトバージ,
